Well_ID,Depth_m,Porosity,Permeability_mD,Lithology
WELL_001,1177.7142857142856,0.16566022110936487,0.1557696265966577,Carbonate
WELL_001,699.1952662721893,0.21221053059876055,0.0001,Sandstone
WELL_001,1844.3888419273032,0.08188487153737055,0.3026683186646442,Sandstone
WELL_001,1479.6923076923076,0.11613682325452962,2.676787846271515,Carbonate
WELL_001,2401.8867286559594,0.17961015578738063,9.42421924150375,Shale
WELL_001,1693.3998309382923,0.15473408798532343,4.304729446678844,Sandstone
WELL_001,2190.5021132713437,0.16120383878738181,5.660594504112042,Sandstone
WELL_001,901.2882502113271,0.2013940344244705,6.633318645201006,Sandstone
WELL_001,1405.3592561284868,0.15883679230543193,0.6981842054339042,Carbonate
WELL_001,1807.2223161453928,0.1958590463241859,6.080016587030241,Sandstone
WELL_001,1932.6593406593406,0.14101941631868686,2.942857265672197,Carbonate
WELL_001,2346.1369399830937,0.1641100773923728,4.585071968763799,Carbonate
WELL_001,2206.76246830093,0.1615419105378756,4.347465230072846,Carbonate
WELL_001,1080.1521555367708,0.20017415074001016,0.9106761617519333,Sandstone
WELL_001,1730.5663567202027,0.17520501082111545,3.5180396384336166,Carbonate
WELL_001,2013.9611158072694,0.16250702899871947,5.435653111046723,Shale
WELL_001,1361.2240067624682,0.08811622322734419,0.0001,Sandstone
WELL_001,1168.422654268808,0.1190166871545879,1.493269602342346,Sandstone
WELL_001,759.5908706677936,0.1333929956182977,2.389954076344689,Sandstone
WELL_001,1379.8072696534234,0.13945874684981502,4.807090193722422,Sandstone
WELL_001,2144.043956043956,0.1528776401550689,4.125146931209998,Sandstone
WELL_001,2415.8241758241757,0.17287690421398144,6.992489869832062,Carbonate
WELL_001,1574.931530008453,0.13399374187115876,3.5404463999676445,Carbonate
WELL_001,1516.858833474218,0.10866036215880522,0.5808732165524,Sandstone
WELL_002,1013.7954022988506,0.030494137115911323,0.03968872686513553,Carbonate
WELL_002,1713.8436781609196,0.013109526431430589,0.018172905301987893,Sandstone
WELL_002,2151.128735632184,0.03839461782015709,0.048548106103723745,Carbonate
WELL_002,1362.8390804597702,0.045583361732448896,0.055519428122492206,Carbonate
WELL_002,1154.9816091954024,0.025554154809591053,0.01046348070138128,Carbonate
WELL_002,1053.0137931034483,0.040995624250211166,0.13993953013578916,Carbonate
WELL_002,764.7586206896552,0.13217396354741967,2.47407893184638,Shale
WELL_002,1296.1678160919541,0.01,0.012303309295561692,Sandstone
WELL_002,1786.3977011494253,0.03128274927876713,0.06395583835377563,Shale
WELL_002,1266.7540229885058,0.03671192456641282,0.025888690605417822,Carbonate
WELL_002,558.8620689655172,0.18408601374668113,8.333861300387099,Shale
WELL_002,1717.7655172413795,0.023830355539441322,0.010339429238973484,Sandstone
WELL_002,1941.3103448275863,0.0650923659757185,0.4109832071819567,Sandstone
WELL_002,778.4850574712644,0.15017953388065683,4.747529883622561,Carbonate
WELL_002,556.9011494252874,0.18471822820698444,8.777890624349444,Shale
WELL_002,2274.666666666667,0.062265453152152414,0.3325026484899268,Shale
WELL_002,886.335632183908,0.07190096158951562,0.3146558656492327,Shale
WELL_002,1127.528735632184,0.06060212527462369,0.15715560217403118,Sandstone
WELL_003,461.4146892655367,0.17156602600066964,5.367552512158452,Sandstone
WELL_003,844.5536723163841,0.1598061522828807,0.29609446805459044,Shale
WELL_003,1639.670056497175,0.1787081277853024,12.7223600139049,Sandstone
WELL_003,941.3683615819208,0.1732671919767058,5.655907670725712,Sandstone
WELL_003,819.8350282485875,0.1744083480474006,1.9409723373824004,Shale
WELL_003,1501.657627118644,0.16508538577191234,2.569830444717588,Sandstone
WELL_003,1091.7401129943503,0.1596491568206705,6.782593307692773,Shale
WELL_003,1326.567231638418,0.1601250203505943,2.3834848840090133,Shale
WELL_003,1180.3152542372882,0.18953837278424782,4.669402375557999,Carbonate
WELL_003,1233.8723163841807,0.13030800647817595,2.109255201833595,Shale
WELL_003,887.8112994350282,0.146380502867349,3.917837203159154,Sandstone
WELL_003,1038.1830508474575,0.16895179725350198,4.970541490678257,Carbonate
WELL_003,696.2418079096045,0.14173084063145455,1.0039462666895058,Shale
WELL_003,1085.560451977401,0.18869730727064393,4.765309186654591,Carbonate
WELL_003,1032.0033898305085,0.1523932562845517,4.206978190646862,Sandstone
WELL_003,961.9672316384181,0.14235185986431642,3.2242566446987095,Shale
WELL_003,698.3016949152542,0.19509191304291482,3.902679095281614,Sandstone
WELL_003,1128.818079096045,0.1902084674279653,0.6532450050324982,Carbonate
WELL_003,1476.9389830508474,0.19258384008055104,2.2921873379220346,Shale
WELL_003,500.5525423728813,0.18150616827488725,9.997826850205282,Carbonate
WELL_003,630.3254237288136,0.180656503481394,2.3701027549652878,Carbonate
WELL_003,1328.6271186440677,0.18589087682357833,8.654820028157275,Shale
WELL_003,1145.2971751412429,0.16853329445392537,3.5379125539531504,Carbonate
WELL_003,784.8169491525423,0.14810205134884125,2.9212085638326237,Sandstone
WELL_003,1172.0757062146893,0.1583914810801901,3.6223340693590838,Carbonate
WELL_003,467.59435028248583,0.19641635178834413,4.1884811237459205,Sandstone
WELL_004,2169.2627406568517,0.12275225217989545,2.541553890437865,Sandstone
WELL_004,2067.0996602491505,0.1670229622053125,6.476138560656196,Carbonate
WELL_004,871.7916194790487,0.1961573459794276,5.739297025650515,Sandstone
WELL_004,1855.9626274065686,0.13181013980069245,2.352300015395239,Shale
WELL_004,800.2774631936579,0.18796152132742644,6.6739559693056165,Sandstone
WELL_004,2308.885617214043,0.12090676862040128,2.2663146150086115,Sandstone
WELL_004,616.3839184597962,0.15420139851773032,0.0001,Sandstone
WELL_004,1345.1472253680633,0.17806095451388118,6.8771468164823695,Shale
WELL_004,1998.9909399773499,0.11650776166121321,1.8866061474643425,Shale
WELL_004,1164.6591166477915,0.17236256557969543,8.494091044007181,Shale
WELL_004,2451.913929784824,0.13776082406169976,3.248600247503682,Carbonate
WELL_004,1491.5809739524348,0.14597805798177493,1.9196842552016264,Shale
WELL_004,1512.013590033975,0.15692281731535432,3.8249507659589077,Sandstone
WELL_004,1328.1200453001131,0.14184358051508353,1.9201463582817184,Shale
WELL_004,2104.559456398641,0.1430716615731107,4.495598966213389,Shale
WELL_004,2465.5356738391847,0.15221981395932918,5.5800072505579035,Sandstone
WELL_004,2363.3725934314834,0.12932274226361434,2.101731431836902,Carbonate
WELL_004,1144.2265005662514,0.14839144083280648,1.6612492852374514,Shale
WELL_004,847.9535673839184,0.15449028352001237,1.7857324581846823,Carbonate
WELL_004,1365.5798414496037,0.14209007099926704,2.5973410691565526,Carbonate
WELL_004,1093.144960362401,0.1775696266210933,7.297345114114541,Carbonate
WELL_004,619.7893544733862,0.162899599006894,0.024711603039755205,Sandstone
WELL_004,2022.82899207248,0.12291272300987778,1.7137686654225908,Carbonate
WELL_004,1025.0362400906001,0.197137423805198,6.679569151347527,Carbonate
WELL_004,909.251415628539,0.13971217296338287,0.9246257491319554,Sandstone
WELL_004,2325.9127972819933,0.1624657737756636,7.319166424474126,Carbonate
WELL_004,1719.745186862967,0.1857300958105051,2.6130990929746014,Carbonate
WELL_004,1471.1483578708946,0.18223095902675573,4.779998249356603,Sandstone
WELL_005,2249.3825363825363,0.15639723790128554,0.0001,Sandstone
WELL_005,1731.7422037422036,0.19406295869946205,9.048864342697719,Shale
WELL_005,1427.4324324324323,0.19536650768221456,4.068680925981404,Shale
WELL_005,1628.214137214137,0.17738297613615836,7.7807244403474,Shale
WELL_005,2067.424116424116,0.15682829688159186,2.389487700029356,Carbonate
WELL_005,1992.130977130977,0.19088008585779292,5.74435281990944,Carbonate
WELL_005,2406.2432432432433,0.16997373513804753,6.459369989416194,Carbonate
WELL_005,972.5363825363825,0.10842204369280768,0.6744122676828771,Sandstone
WELL_005,768.6174636174636,0.1372544775432522,5.68021052778496,Carbonate
WELL_005,2020.3659043659043,0.1475806153976021,2.0803910960156333,Shale
WELL_005,2396.8316008316006,0.16945386200877438,6.719632411297165,Sandstone
WELL_005,1838.4074844074844,0.172133478401841,4.808316398527995,Sandstone
WELL_005,1195.2785862785863,0.06875106613047412,0.6865610448565626,Sandstone
WELL_005,2453.301455301455,0.18975704502567153,12.779561151346304,Shale
WELL_005,950.5758835758835,0.07535430752667663,0.41742029610736514,Shale
WELL_005,1066.6528066528067,0.06818119342571399,0.622296646123263,Shale
WELL_005,2409.3804573804573,0.20029887388891,1.1331900937207513,Sandstone
WELL_005,2682.3180873180872,0.10132576110293628,1.8363846809398001,Sandstone
WELL_005,1176.4553014553014,0.10631656435787507,0.3982314980668084,Carbonate
WELL_005,1863.5051975051974,0.21999509995765842,16.121184382739013,Carbonate
WELL_006,2143.4990512333966,0.18168626339423657,9.629963091530437,Shale
WELL_006,2544.212523719165,0.03983595024881264,0.06819259892898764,Sandstone
WELL_006,2894.0417457305502,0.04191319183281499,0.043740294726216586,Carbonate
WELL_006,1787.3092979127134,0.18223277998119172,7.807596159816797,Shale
WELL_006,1574.2314990512334,0.14790622392818553,3.1446912939550606,Shale
WELL_006,903.1954459203035,0.10706386683870024,2.06200032112731,Carbonate
WELL_006,2343.855787476281,0.03481668784328045,0.06636249324355137,Shale
WELL_006,2547.392789373814,0.023897132809980005,0.023644233461518477,Sandstone
WELL_006,2280.2504743833015,0.2186029851234607,8.560361706921622,Shale
WELL_006,1453.381404174573,0.1676048969596958,9.581289197973964,Sandstone
WELL_006,2092.614800759013,0.20249987970240543,9.890436869495892,Sandstone
WELL_006,2111.696394686907,0.11211371111857862,2.958203184020768,Carbonate
WELL_007,1169.0485933503837,0.17949680460740228,7.108967973020344,Carbonate
WELL_007,2331.9226342711,0.12709532200102333,0.0001,Carbonate
WELL_007,1883.2384910485935,0.13065429643253448,1.9321486681844582,Shale
WELL_007,2502.751918158568,0.06329311161179121,0.1560865878715779,Carbonate
WELL_007,1782.3874680306906,0.15765038091154704,3.899237192258683,Carbonate
WELL_007,1475.7180306905373,0.21067675713974107,1.8045441134225713,Shale
WELL_007,2449.239130434783,0.09514208357145496,1.330318538651515,Carbonate
WELL_007,675.0843989769821,0.11953059816748228,1.38741986312447,Shale
WELL_007,2387.4936061381077,0.07689602879507282,0.7082765677255785,Shale
WELL_007,1543.6381074168798,0.1892227408310575,6.433184826967201,Sandstone
WELL_007,2266.0607416879798,0.2001531505960461,11.548966123693281,Sandstone
WELL_007,1938.8094629156012,0.16819667181685358,0.6762354531117861,Carbonate
WELL_007,2323.6898976982097,0.17885024431695404,2.963155383965557,Shale
WELL_007,1920.2858056265986,0.1739275163093879,7.152079064074799,Sandstone
WELL_007,2630.3593350383635,0.08825635742698927,0.4164653448586576,Sandstone
WELL_007,2467.7627877237856,0.06331149952195139,0.35096541433932327,Sandstone
WELL_007,1588.918158567775,0.16671862157082096,7.215237415444976,Sandstone
WELL_008,1530.060759493671,0.09905214632069766,1.5762884517967908,Carbonate
WELL_008,1178.0886075949368,0.15117072884572327,1.3319668780618035,Sandstone
WELL_008,1780.2227848101265,0.13132373222392146,1.0361863118621466,Carbonate
WELL_008,865.3860759493671,0.10546884680737391,1.2745057124487063,Shale
WELL_008,734.4873417721519,0.05016950516855631,0.1727138540260367,Carbonate
WELL_008,1138.818987341772,0.12488906502636542,2.0381636686262663,Sandstone
WELL_008,1848.5810126582278,0.11388360771378464,0.6887819439612715,Shale
WELL_008,1249.3556962025316,0.12554399080503503,2.1797147010803326,Shale
WELL_008,1239.174683544304,0.12203173507874063,1.9394154560362455,Carbonate
WELL_008,1506.7898734177215,0.12935205019633947,0.10826165189112517,Shale
WELL_008,1855.853164556962,0.11906102562780407,1.3517081562505293,Carbonate
WELL_008,526.5037974683544,0.041209582274024874,0.06536492738368774,Shale
WELL_008,558.5012658227848,0.04886045591633016,0.13691770291186517,Carbonate
WELL_008,1412.2518987341773,0.1275788578480582,2.379491649212935,Sandstone
WELL_008,1521.3341772151898,0.13240674589436086,3.5094900220319087,Carbonate
WELL_008,2030.3848101265824,0.12931915273277111,2.114079728910311,Carbonate
WELL_008,1838.3999999999999,0.13089565256832492,3.7942942342918857,Sandstone
WELL_008,1679.867088607595,0.1476910826182951,3.3381404482092982,Carbonate
WELL_008,1989.6607594936709,0.13028073186524394,2.6184491379694905,Carbonate
WELL_008,1611.5088607594937,0.12046154769383895,2.563476861003623,Shale
WELL_008,1479.1556962025315,0.11998424686654825,2.302924696659872,Carbonate
WELL_008,1032.6455696202531,0.162044073470805,0.0001,Shale
WELL_008,695.2177215189873,0.04166657335041204,0.0756156963054209,Sandstone
WELL_008,861.0227848101266,0.14998734516704224,2.3294349855165453,Shale
WELL_009,2102.0153738644303,0.08019098803210456,0.5152529618839028,Shale
WELL_009,1132.659678546471,0.13661235940217953,4.004719140215643,Sandstone
WELL_009,759.9916142557652,0.15591628847424743,5.847345820633118,Shale
WELL_009,1268.7463312368973,0.16810157802319947,2.633206434043467,Sandstone
WELL_009,942.1383647798742,0.18724571928082076,7.9072098763074,Carbonate
WELL_009,927.4828791055206,0.16476288267109868,5.452395283883483,Carbonate
WELL_009,2560.522711390636,0.0791663608963083,0.2857925644187709,Shale
WELL_009,984.011180992313,0.1875733733775584,7.149603566035022,Carbonate
WELL_009,1869.6212438853947,0.08952849607682271,0.58457715867719,Sandstone
WELL_009,801.864430468204,0.17748372069027787,10.30129518046677,Carbonate
WELL_009,967.2620545073374,0.17823013679372782,0.11608020627945562,Sandstone
WELL_009,1295.9636617749825,0.14723450488203335,3.050151917151205,Carbonate
WELL_009,780.9280223619846,0.16821287289624323,0.9642671782060037,Shale
WELL_009,1302.2445842068482,0.16846950156303128,3.51722277298436,Carbonate
WELL_009,2365.8141160027953,0.06915742568737869,0.5022847831298599,Carbonate
WELL_009,1365.0538085255066,0.1557165826146114,3.591941724599715,Carbonate
WELL_009,1264.5590496156533,0.09243258825425399,0.7334379413478488,Sandstone
WELL_009,1404.8329839273235,0.09667833059750888,0.7354971942544394,Sandstone
WELL_010,1519.7024866785082,0.08464423406720505,0.9778224277614005,Shale
WELL_010,2191.1989342806396,0.14099285408901707,1.229242687791191,Sandstone
WELL_010,1868.409413854352,0.14216509451496498,1.2259266548113634,Carbonate
WELL_010,572.5390763765542,0.1768861727891875,4.9598871735795695,Carbonate
WELL_010,556.0461811722913,0.1394102967847155,4.744146610404904,Sandstone
WELL_010,1262.8845470692718,0.0888773670004723,1.102837142757322,Carbonate
WELL_010,963.6563055062168,0.06136529674905331,0.24451762847028702,Shale
WELL_010,1496.1412078152755,0.09442894173679219,1.3616765286899117,Shale
WELL_010,956.587921847247,0.10493538865451402,1.1916711299991243,Sandstone
WELL_010,1995.6403197158083,0.13516816403161902,1.57733172565313,Sandstone
WELL_010,2160.569271758437,0.13371029026819015,2.973866381638816,Shale
WELL_010,1910.8197158081707,0.10339902396532714,1.1840842650536192,Shale
WELL_010,2177.0621669627,0.11361288482992996,3.2806743641774396,Sandstone
WELL_010,1703.480461811723,0.06556266688452254,0.32464941796677577,Sandstone
WELL_010,1404.252220248668,0.10472545682798896,1.0743992951497763,Sandstone
WELL_010,2125.2273534635883,0.14019420053037518,3.838847053036765,Carbonate
WELL_010,1606.8792184724691,0.08586532624813009,0.6156746606074546,Sandstone
WELL_010,1547.9760213143873,0.04756723491763236,0.10503947453509642,Sandstone
WELL_011,1892.2610722610723,0.14987435075633032,0.0001,Carbonate
WELL_011,1404.1025641025642,0.06324828755217982,0.06688713663911441,Shale
WELL_011,1636.969696969697,0.17961181660398104,7.258018914946155,Sandstone
WELL_011,1183.3100233100233,0.0615757414817787,0.04568156031569975,Carbonate
WELL_011,990.1165501165501,0.12639363757666372,2.3136493719470534,Sandstone
WELL_011,1331.6550116550115,0.04780565513189534,0.13376856863615721,Sandstone
WELL_011,1338.5547785547785,0.059123774347762836,0.3284883556938426,Carbonate
WELL_011,600.2797202797203,0.17482165350692308,4.957909629555804,Shale
WELL_011,1523.1235431235432,0.19962382623827774,8.248931235124331,Carbonate
WELL_011,805.5477855477856,0.13274995710733592,0.3022701320842567,Sandstone
WELL_011,1478.2750582750582,0.10396768874483558,0.9461970844913876,Shale
WELL_011,1985.4079254079254,0.2102730095211245,5.993958557942054,Carbonate
WELL_011,1153.986013986014,0.13211486604623923,1.5164433337085101,Carbonate
WELL_011,619.2540792540792,0.11352342424820831,1.12823588626445,Shale
WELL_011,1138.4615384615386,0.09648238700264065,0.9141967190150476,Sandstone
WELL_011,1355.8041958041958,0.11692600266161793,1.3429096120084572,Carbonate
WELL_011,515.7575757575758,0.12392231866079342,1.7337465898765978,Carbonate
WELL_011,1307.5058275058275,0.09824759917672818,1.168171148985981,Carbonate
WELL_011,545.0815850815851,0.13972722717804612,1.7153080659678919,Sandstone
WELL_011,1990.5827505827506,0.18504896569458099,5.158838483751091,Carbonate
WELL_011,636.5034965034965,0.09181838396476494,0.4825656322995592,Shale
WELL_011,1773.2400932400933,0.1325320729289922,1.9928410933127214,Shale
WELL_011,936.6433566433566,0.10011000596349977,1.1711468178916755,Carbonate
WELL_011,1630.06993006993,0.18527668583129825,9.184380490958754,Carbonate
WELL_011,1122.9370629370628,0.08111749002534946,0.44688372591126163,Shale
WELL_011,1231.6083916083917,0.05297898041611597,0.12704283881466136,Shale
WELL_011,1236.7832167832169,0.026984576155094017,0.026144300915661656,Carbonate
WELL_011,1028.0652680652681,0.09454297568544615,1.1875804838259438,Shale
WELL_011,976.3170163170163,0.1284224692203981,5.72825844796036,Sandstone
WELL_012,1005.0038022813688,0.1430555077244928,4.385935284852795,Sandstone
WELL_012,2835.087452471483,0.08683028967596505,0.8082731568173706,Sandstone
WELL_012,2328.730038022814,0.14681121471011213,3.28732454139254,Sandstone
WELL_012,1375.133079847909,0.1853780643842261,9.536557912937003,Shale
WELL_012,979.300380228137,0.11117434816140914,1.2821822718679297,Sandstone
WELL_012,2606.326996197719,0.13238503658089742,0.6464485570636572,Carbonate
WELL_012,943.3155893536123,0.12206178330091969,0.2791840406530647,Carbonate
WELL_012,2930.1901140684413,0.07706607697792078,0.4409994784020165,Sandstone
WELL_012,1824.9429657794678,0.1461310367690924,4.62256922475233,Carbonate
WELL_012,1436.8212927756656,0.14932952144470404,6.224310262190979,Sandstone
WELL_012,2683.4372623574145,0.09822126107363599,0.6700807769501383,Sandstone
WELL_012,2819.665399239544,0.08126092984156051,0.3800789250457975,Sandstone
WELL_012,1891.771863117871,0.17356555437285348,6.633371384011613,Carbonate
WELL_012,2377.5665399239547,0.12993437397746083,1.8192966469689036,Carbonate
WELL_012,1267.1787072243346,0.1769191848569736,4.640196578946498,Sandstone
WELL_012,1326.2965779467681,0.127516331244877,2.6212086900222378,Sandstone
WELL_012,1917.4752851711028,0.20023942319399296,8.34110697429693,Sandstone
WELL_012,1200.3498098859316,0.12436965100342155,0.7559860374309156,Sandstone
WELL_012,1655.300380228137,0.1908584859329917,4.041511727899628,Shale
WELL_012,1336.5779467680609,0.1697041572172402,3.1041090452651194,Sandstone
WELL_012,1560.1977186311788,0.19957888119437622,10.737928247637704,Carbonate
WELL_012,2048.562737642586,0.16957187988374436,4.6325739415735026,Sandstone
WELL_012,1398.2661596958176,0.13692576849927693,1.3978677159384736,Shale
WELL_012,2452.1064638783273,0.1285087754538481,0.43833432567725533,Carbonate
WELL_012,2673.1558935361218,0.11646603111904176,0.4801126531540098,Shale
WELL_013,1519.6481732070365,0.09513118380254852,1.2606951008891427,Sandstone
WELL_013,558.998646820027,0.1406304737809758,4.58747319006684,Carbonate
WELL_013,1275.3450608930987,0.0688102564788847,0.0001,Sandstone
WELL_013,1820.5412719891744,0.08843914803569027,0.8480035119992219,Carbonate
WELL_013,676.319350473613,0.06705113948168559,0.36046057349025734,Carbonate
WELL_013,1572.0974289580513,0.09289913454980733,1.4703148569650628,Carbonate
WELL_013,491.3667117726657,0.12324070360300236,2.573543775281976,Shale
WELL_013,1686.657645466847,0.10800378322891505,1.019237853579997,Sandstone
WELL_013,1003.4370771312584,0.09393205127442125,0.6196479357082755,Shale
WELL_013,1337.4560216508796,0.07212843366507382,0.17497760270454896,Shale
WELL_013,673.5588633288227,0.09451154308254277,0.3973184491742412,Sandstone
WELL_013,447.19891745602166,0.11546274817900813,1.7370441379142867,Sandstone
WELL_013,1732.2056833558863,0.062133072500128006,0.27795456688230696,Sandstone
WELL_013,1823.3017591339649,0.06571871727956509,0.22994885659304104,Carbonate
WELL_014,647.7956777996071,0.14827556221763608,3.8395242699814216,Shale
WELL_014,2201.73411918795,0.11600763658691926,2.0157092402993815,Shale
WELL_014,1999.297969875573,0.13353547756883571,0.0001,Shale
WELL_014,1933.7472167648984,0.15858328534296437,3.0620601812867787,Shale
WELL_014,1887.4760969220695,0.15085057855581177,1.463229650276595,Shale
WELL_014,2134.255402750491,0.12949014009075696,2.780673103209926,Carbonate
WELL_014,1438.2606417812704,0.18003867195735793,3.767808353422438,Sandstone
WELL_014,1247.3922724296006,0.10686733299609248,2.254138358726097,Carbonate
WELL_014,894.5749836280288,0.1126361951114169,0.7596578670732705,Carbonate
WELL_014,2221.013752455796,0.12220601973867828,0.5661946741885452,Carbonate
WELL_014,1783.366077275704,0.22257882501404422,18.45149084509613,Sandstone
WELL_014,881.079240340537,0.13905347448756014,3.412073154913422,Sandstone
WELL_014,1268.5998690242304,0.12474360076231938,0.0001,Shale
WELL_014,2294.2763588736084,0.13113109235808895,2.748665610869894,Carbonate
WELL_014,2440.801571709234,0.08961495582488326,0.9810115678277453,Shale
WELL_014,875.2953503601833,0.11287856955802877,1.3266781506415832,Sandstone
WELL_014,1322.5828421741978,0.1548913662818255,5.629104288418409,Sandstone
WELL_014,2319.3398821218075,0.12272780537494969,2.256320871203771,Sandstone
WELL_014,1330.294695481336,0.11885079867435916,1.2203382544856587,Sandstone
WELL_014,1631.0569744597249,0.18318497489116664,3.0294422416106497,Carbonate
WELL_014,2168.958742632613,0.08854476813438647,0.4819007897797358,Shale
WELL_014,1073.8755730189914,0.131231900101035,3.607846766324043,Sandstone
WELL_014,2116.90373280943,0.14681028635574378,1.3628193766983565,Shale
WELL_014,1403.5573018991486,0.11658959789621727,1.5077960899395704,Sandstone
WELL_014,2157.3909626719055,0.12408784554821078,3.4083424382031993,Shale
WELL_014,2026.2894564505566,0.14250878098033865,3.922308840528632,Shale
WELL_014,2454.2973149967256,0.1415336340817865,1.4733626340439254,Sandstone
WELL_015,770.3414634146341,0.07863353490025143,0.6616469955009168,Sandstone
WELL_015,2125.3170731707314,0.15983855783136802,3.6530670593386363,Shale
WELL_015,1886.8780487804877,0.041337403552283734,0.09249037877986216,Carbonate
WELL_015,1444.390243902439,0.07291764342035748,0.0001,Sandstone
WELL_015,1169.2682926829268,0.07070475628662248,0.495491561614936,Sandstone
WELL_015,1682.8292682926829,0.05027190709582724,0.24111877897871478,Carbonate
WELL_015,1944.1951219512193,0.06283690747445615,0.2338919164553636,Carbonate
WELL_015,917.0731707317073,0.052874220308873954,0.3579278444447678,Sandstone
WELL_015,1205.951219512195,0.021191822409699686,0.026697816526877836,Sandstone
WELL_015,1121.121951219512,0.07879023386002573,0.8756080881160261,Sandstone
WELL_015,2258.292682926829,0.13265852147042004,1.7364153681092995,Sandstone
WELL_015,2473.80487804878,0.15691181248887315,3.3888456366533806,Shale
WELL_015,1075.2682926829268,0.05670947085008948,0.07003959354857879,Shale
WELL_015,1490.2439024390242,0.04012592943073987,0.05821244799375483,Shale
WELL_015,2370.6341463414633,0.1736242089767481,6.44602527911652,Sandstone
WELL_015,2198.682926829268,0.14009906976479236,3.9313844210939717,Shale
WELL_016,1694.615284128021,0.1651235188720488,1.90476451316041,Sandstone
WELL_016,1776.9366427171783,0.22684064592117825,27.78406433616039,Sandstone
WELL_016,855.3389941214892,0.14507281637814615,4.041378124729932,Shale
WELL_016,2120.276943174396,0.19248236648145056,2.3625017828281805,Sandstone
WELL_016,2029.9242325277596,0.1526466111265932,3.6630140484743263,Shale
WELL_016,1250.8830829523188,0.21077406793221662,0.0001,Shale
WELL_016,865.3781841933377,0.13393245582278043,2.7829258203106084,Shale
WELL_016,1795.0071848465057,0.2104866079832962,5.2338876813889685,Shale
WELL_016,2327.084258654474,0.1403453961711494,4.894723864402977,Shale
WELL_016,2553.9699542782496,0.14668644357686816,5.905793089307731,Carbonate
WELL_016,2415.429131286741,0.17386403476644455,4.878777600229655,Carbonate
WELL_016,2676.4480731548006,0.1033568204920206,1.9221791965341126,Carbonate
WELL_016,1134.4284781188765,0.2149383600861618,8.449540166613806,Carbonate
WELL_016,2126.300457217505,0.17543128584528409,2.2154452760706387,Carbonate
WELL_016,1355.2906596995429,0.20182227833603805,5.26561780046122,Shale
WELL_016,1449.6590463749183,0.1570414268985774,9.399847156452564,Sandstone
WELL_016,795.1038536903984,0.14923050856328232,0.7634174216864575,Sandstone
WELL_016,1907.4461136512084,0.15612850901693898,2.670590441858706,Shale
WELL_016,1891.3834095362508,0.2271907045009223,15.73472072420003,Sandstone
WELL_016,2537.907250163292,0.11708884349544525,2.0646500314479237,Sandstone
WELL_016,2409.4056172436317,0.16038049359388346,3.4406223164861185,Carbonate
WELL_016,2666.4088830829523,0.14078096044241523,0.7131440382425094,Carbonate
WELL_016,1048.0914435009797,0.20666619380958254,19.843294360505325,Carbonate
WELL_016,1252.8909209666883,0.16070009852529668,6.588384255569783,Sandstone
WELL_016,1801.0306988896145,0.19536311863937378,7.021891341903291,Carbonate
WELL_017,522.147226173542,0.20308256924736084,13.055065275746434,Shale
WELL_017,614.0867709815078,0.1740213811657387,4.672329742438655,Sandstone
WELL_017,1105.0092460881935,0.07875298861194109,0.6721393325699627,Sandstone
WELL_017,754.5981507823614,0.22852463200126927,11.725021183978459,Carbonate
WELL_017,1101.5398293029873,0.07578517866239436,0.5337259272101523,Shale
WELL_017,1684.4018492176388,0.1854293427881195,7.276979638114043,Carbonate
WELL_017,2138.8954480796588,0.18648716358169584,4.912291970507433,Carbonate
WELL_017,692.1486486486486,0.2020403302356548,9.606438063129815,Sandstone
WELL_017,1212.5611664295875,0.05164469909140727,0.12290926019756725,Sandstone
WELL_017,1490.1145092460881,0.03667370008268967,0.10265392807844385,Carbonate
WELL_017,1568.176386913229,0.18603169338442782,13.248246945370695,Sandstone
WELL_017,1561.2375533428165,0.2297800713458681,14.750691917727604,Sandstone
WELL_017,669.597439544808,0.1776672564004496,4.133229766040552,Sandstone
WELL_017,1824.9132290184923,0.19063432488263604,2.546407831369323,Carbonate
WELL_017,1986.2411095305833,0.1989288280212016,6.67172634832713,Sandstone
WELL_017,1613.2788051209104,0.1692774561158439,6.394757090644417,Carbonate
WELL_017,1174.3975817923188,0.05500718406130142,0.12506442672281515,Sandstone
WELL_017,1401.6443812233285,0.06232122367854659,0.09749541648962459,Shale
WELL_017,2062.568278805121,0.17103215340123323,4.170040367045398,Sandstone
WELL_017,1953.2816500711237,0.19033475818775367,2.243440003903207,Carbonate
WELL_017,1248.9900426742531,0.04715417403087767,0.1342859682211866,Sandstone
WELL_017,737.25106685633,0.2297512939702282,21.72150752124171,Carbonate
WELL_017,1994.914651493599,0.1741120039511964,7.068237372831569,Carbonate
WELL_017,1724.3001422475106,0.12152372436361786,1.1016012859294473,Sandstone
WELL_017,1920.3221906116644,0.1451384016294002,2.1447883349944923,Carbonate
WELL_017,1632.3605974395448,0.17397332295219847,3.3581332085601905,Sandstone
WELL_018,1217.471783295711,0.15983575271382325,2.622442127534319,Shale
WELL_018,406.22573363431155,0.14159996663293348,1.5205043895673198,Carbonate
WELL_018,1312.6997742663657,0.1125771087309323,0.7144522256665209,Carbonate
WELL_018,1260.8668171557563,0.17472439072180965,6.9693464501253315,Carbonate
WELL_018,1347.6568848758466,0.10501680139473248,1.789989748647042,Carbonate
WELL_018,470.1128668171558,0.15386967636433094,3.0896543944643375,Shale
WELL_018,1017.372460496614,0.19162525473333247,12.363316034175316,Shale
WELL_018,835.3544018058691,0.19659498594621658,6.008108536665023,Sandstone
WELL_018,970.3611738148985,0.16590142609116723,5.890657850831539,Carbonate
WELL_018,496.63205417607224,0.1608757624473357,0.0001,Carbonate
WELL_018,723.2505643340858,0.16136680814006304,6.873306075049272,Shale
WELL_018,817.273137697517,0.16760474261169073,7.293651698255124,Sandstone
WELL_018,1093.3137697516931,0.14083674210879274,3.7505456903626615,Shale
WELL_018,1020.9887133182845,0.15198924643808184,5.101986744762796,Shale
WELL_018,1089.6975169300226,0.18596744108311744,3.0375834956138053,Sandstone
WELL_018,1142.7358916478556,0.15367600235786372,1.9418688308086964,Carbonate
WELL_018,485.783295711061,0.19490348418667472,4.6555894945558665,Carbonate
WELL_018,436.36117381489845,0.1702466037887423,4.31018181977279,Shale
WELL_018,1432.03611738149,0.1702124417133054,3.373753897926583,Shale
WELL_018,1205.4176072234764,0.15711899357440573,4.199172403962596,Shale
WELL_018,1019.783295711061,0.20341701126972175,11.740880954650486,Sandstone
WELL_018,1322.3431151241537,0.12757668046788523,3.047463847716579,Sandstone
WELL_018,781.1106094808126,0.1435429098510737,1.6240661673022196,Shale
WELL_018,619.5846501128668,0.15321802408280996,2.7121270075369694,Carbonate
WELL_018,1272.920993227991,0.1393560712436389,3.3267056065840226,Carbonate
WELL_018,634.0496613995485,0.1679912153189736,2.736145653235271,Sandstone
WELL_018,732.8939051918736,0.19241690706256875,9.562611338244826,Sandstone
WELL_018,935.4040632054176,0.17943274755380637,7.668139304098168,Carbonate
WELL_019,1277.1007518796991,0.14733575998685322,4.068169055545038,Sandstone
WELL_019,835.8383458646616,0.12478902283671447,3.0947512423452457,Carbonate
WELL_019,874.9947368421052,0.1407291229861301,1.324077400997196,Shale
WELL_019,1466.8586466165414,0.15037733159103597,0.0001,Sandstone
WELL_019,406.62406015037595,0.16074001375650376,5.87369032827575,Shale
WELL_019,1527.0992481203007,0.1681283027776945,2.4292287592884536,Sandstone
WELL_019,1301.1969924812029,0.15092823818174986,4.246120797748135,Sandstone
WELL_019,1478.9067669172932,0.2109113162629193,11.388681501916532,Shale
WELL_019,914.1511278195488,0.17076634352412726,3.1063431117635214,Shale
WELL_019,516.5631578947368,0.18349148036774596,9.061670363818292,Sandstone
WELL_019,769.5736842105263,0.21587342494867232,8.671960695216347,Shale
WELL_019,1283.1248120300752,0.18633036571093872,11.31230556377625,Carbonate
WELL_019,1298.184962406015,0.15466631220976437,6.762398677912881,Carbonate
WELL_019,1484.930827067669,0.15112281892241916,3.2717618932311745,Shale
WELL_019,1740.9533834586466,0.1455551174116266,4.1518400185429805,Carbonate
WELL_019,1412.6421052631579,0.2016269433182738,2.5130199367151396,Carbonate
WELL_019,893.066917293233,0.18655259944768374,9.36034304776497,Carbonate
WELL_019,1079.8127819548872,0.16660347373548168,4.366002189071303,Sandstone
WELL_019,1674.6887218045113,0.13550883338104372,0.5410665037672289,Carbonate
WELL_019,884.0308270676692,0.17889755354005837,2.134405669274424,Carbonate
WELL_019,1126.4992481203008,0.1623778461419231,5.781994052392487,Shale
WELL_019,1269.5706766917292,0.1679064769712304,5.144593333613893,Carbonate
WELL_019,456.3225563909774,0.1564481550917868,4.974186007029091,Sandstone
WELL_019,1715.3511278195488,0.16704663676694695,3.640287088141371,Sandstone
WELL_019,1418.6661654135337,0.17008775944625545,5.92410399661771,Shale
WELL_019,1112.9451127819548,0.15938905990642133,6.810879045777601,Sandstone
WELL_019,1174.6917293233082,0.10457549540259577,0.9625866399647356,Sandstone
WELL_019,617.4661654135339,0.16077806807170597,6.8576489996467656,Carbonate
WELL_019,403.61203007518793,0.1581511799390002,4.713608459790285,Carbonate
WELL_020,371.51439299123905,0.19495460704740736,4.856096103389144,Sandstone
WELL_020,968.4292866082602,0.12844454109888237,1.7170013741790162,Shale
WELL_020,471.18898623279097,0.01696512941789833,0.024356955428754053,Shale
WELL_020,498.37296620775965,0.07687837074024333,0.04926771260537427,Carbonate
WELL_020,1576.6708385481852,0.13630271703523308,2.002579587603182,Sandstone
WELL_020,441.73967459324155,0.04612255224165757,0.09800858388270804,Carbonate
WELL_020,1379.586983729662,0.10887859272038737,0.86339693527312,Shale
WELL_020,872.1526908635794,0.07936534320671834,0.8173803784210969,Sandstone
WELL_020,480.2503128911139,0.0613945243600564,0.0028430316044939295,Carbonate
WELL_020,662.6095118898622,0.15923930141130965,0.0001,Carbonate
WELL_020,664.874843554443,0.14711375013091132,2.7924063020639918,Shale
WELL_020,1234.6057571964955,0.14687805647666774,0.5400078337532305,Carbonate
WELL_020,729.4367959949936,0.13738707817272391,2.2527877510959056,Shale
WELL_020,1287.8410513141425,0.1493885067074819,4.127343692075085,Shale
WELL_020,690.9261576971213,0.14995943736455872,3.253818421961626,Sandstone
WELL_020,636.558197747184,0.16351972423025504,4.243972087481342,Sandstone
WELL_020,1484.9249061326657,0.12312160210037527,1.9111448312100543,Carbonate
WELL_020,1603.8548185231539,0.1334049122792457,3.160639170824994,Shale
WELL_020,1558.5481852315393,0.17388368033614254,6.251903811695938,Shale
WELL_020,1364.8623279098872,0.14528405141245523,2.0698259146758544,Sandstone
WELL_020,933.316645807259,0.14481750410456098,3.0407332653915278,Sandstone
WELL_020,1125.8698372966207,0.11316926137447243,1.4532178626028693,Shale
WELL_020,1198.360450563204,0.12953196385254356,1.0080306635434308,Sandstone
WELL_020,1218.7484355444305,0.15186844374963,6.363104924909512,Carbonate
WELL_020,1482.659574468085,0.14728332953037507,1.8239209222209514,Shale
WELL_020,931.0513141426783,0.10969328862667832,0.0001,Sandstone
WELL_020,1180.237797246558,0.11771539648701228,1.5288739391590274,Carbonate
WELL_020,770.2127659574468,0.11150677427731219,1.3079108778104234,Shale
WELL_021,1260.5253042921204,0.15078083599137462,4.814107278563108,Carbonate
WELL_021,604.9199231262012,0.06992846722132397,0.33529951082715165,Carbonate
WELL_021,1215.349135169763,0.1729305426388466,2.95779920468083,Shale
WELL_021,1213.1454196028187,0.19648832942614808,10.395713601290279,Carbonate
WELL_021,373.5297885970532,0.17399525239125202,7.9886353437648845,Sandstone
WELL_021,652.2998078155028,0.043372896790800836,0.06339562760336018,Sandstone
WELL_021,944.2921204356182,0.20276006832720617,11.319908106494614,Sandstone
WELL_021,409.8910954516336,0.1634766967626253,4.58628128397468,Carbonate
WELL_021,1144.8302370275464,0.19941748944336735,9.164986116453088,Sandstone
WELL_021,1313.414477898783,0.17625586828613582,9.030721607043189,Carbonate
WELL_021,690.8648302370276,0.06425856944091786,0.3064459860267704,Sandstone
WELL_021,1219.7565663036514,0.1728633107140272,1.102706310709792,Shale
WELL_021,547.6233183856502,0.0692902683542551,0.31615448531258894,Carbonate
WELL_021,596.105060858424,0.057953966143167925,0.2220928445318272,Carbonate
WELL_021,611.531069827034,0.03957023902786287,0.07661819101322184,Sandstone
WELL_021,1513.9525944907111,0.14451147888205568,4.412014308759696,Shale
WELL_021,393.3632286995516,0.11627076035400948,1.571000035108067,Sandstone
WELL_021,1316.7200512491993,0.15610335256485425,5.783958654665997,Sandstone
WELL_022,2676.920593931569,0.04154016705112581,0.02115676954254078,Shale
WELL_022,1576.2265978050357,0.1934097219486801,3.3254801989348017,Shale
WELL_022,1350.7585539057457,0.14532370317893525,2.885347604659124,Sandstone
WELL_022,2416.6074887023888,0.050893810575596506,0.0882616098001905,Shale
WELL_022,2773.2569399612657,0.0715969509408293,0.3401535021462889,Sandstone
WELL_022,1879.5836023240802,0.1646477429231949,7.182847918725606,Carbonate
WELL_022,1084.296320206585,0.18836402991570014,7.478999667795159,Sandstone
WELL_022,1902.1304067140093,0.17609100382483353,4.203552014775673,Carbonate
WELL_022,2711.7656552614594,0.047434815787310035,0.10852497203493858,Sandstone
WELL_022,1992.3176242737252,0.155995384609731,1.84532197058077,Shale
WELL_023,693.8704061895552,0.16031700595271114,4.3701707871784405,Carbonate
WELL_023,1265.3916827852997,0.07889194436318037,0.18521041549813688,Shale
WELL_023,703.926499032882,0.1756434130429123,6.7412223333195485,Carbonate
WELL_023,1484.9497098646036,0.0961564939448068,0.0001,Carbonate
WELL_023,1064.269825918762,0.1155272801239388,1.1681407907747565,Sandstone
WELL_023,893.316247582205,0.09205189907748197,1.0845032029382278,Sandstone
WELL_023,812.86750483559,0.20696497668269362,13.676351481664861,Sandstone
WELL_023,832.9796905222437,0.1570050182243087,5.066608633268571,Sandstone
WELL_023,796.1073500967118,0.15396404755741738,4.523355334545471,Shale
WELL_023,1506.7379110251452,0.12696651359534775,0.36038997169304204,Sandstone
WELL_023,1268.7437137330755,0.08571360149071158,0.3195509774082452,Sandstone
WELL_023,1240.2514506769826,0.1001835856736963,1.0516888209056336,Carbonate
WELL_023,831.3036750483559,0.16362269275255226,3.491518600601019,Shale
WELL_023,358.6673114119923,0.13383046315866554,1.7198944095311821,Shale
WELL_023,1419.5851063829787,0.07331438772929551,0.337826955796462,Carbonate
WELL_023,422.3558994197292,0.10555610019814532,0.9114695507484405,Carbonate
WELL_023,995.5531914893618,0.12247019704842028,0.9124946444860027,Sandstone
WELL_023,1151.4226305609284,0.1365246880860165,3.798408695852232,Shale
WELL_023,1200.027079303675,0.08651109761291131,0.3183227217740765,Sandstone
WELL_023,662.0261121856867,0.13473163436443386,3.4458490145646143,Carbonate
WELL_023,603.3655705996132,0.1299428994712819,1.278353349362018,Sandstone
WELL_024,1863.1251212415132,0.12708429677323269,2.7183724587858826,Shale
WELL_024,645.1891367604268,0.10130961890799983,1.3583859308055168,Sandstone
WELL_024,656.5082444228904,0.18515438036794327,6.388348574060698,Shale
WELL_024,1555.2453928225025,0.14832970808661577,3.297918680694813,Sandstone
WELL_024,1974.0523763336566,0.16762238497515755,6.164742171810992,Sandstone
WELL_024,1693.3385063045587,0.10079399005867046,1.517466663082346,Shale
WELL_024,1240.5741998060137,0.15547145807739943,2.8469401624019968,Shale
WELL_024,1387.7225994180408,0.1617580599655109,2.739862269326811,Shale
WELL_024,1761.2531522793404,0.11764535344314747,1.8766518443997178,Sandstone
WELL_024,1659.3811833171678,0.1495084858299013,3.226087236796425,Sandstone
WELL_024,470.87487875848694,0.13757915247027874,4.3271345249660085,Sandstone
WELL_024,1512.2327837051407,0.1223914070241909,2.822069929499833,Carbonate
WELL_024,2053.286129970902,0.131047152701852,3.983701959848883,Sandstone
WELL_024,971.1794374393793,0.1769573094911972,5.529367631428632,Shale
WELL_024,2046.494665373424,0.11579336914796692,1.582352528738446,Shale
WELL_024,1867.6527643064985,0.15567599050107628,5.953429008855341,Shale
WELL_024,694.9932104752668,0.18422661286268224,0.0001,Sandstone
WELL_024,568.2192046556742,0.09242044181054447,0.5630304055844226,Shale
WELL_024,1720.5043646944714,0.17011157754296,3.9850256215828734,Shale
WELL_024,1983.1076624636275,0.09208921932920501,0.304885225158414,Carbonate
WELL_024,751.5887487875849,0.20434290095545118,11.356517786462085,Carbonate
WELL_024,1831.4316197866149,0.1820882729967248,5.072423082243334,Shale
WELL_024,1109.2725509214356,0.14690637028875608,1.7490506971349793,Carbonate
WELL_024,862.5160038797285,0.15928426710867316,5.309993037994514,Carbonate
WELL_025,1035.4602538410154,0.12632743262256366,1.8864644094409388,Shale
WELL_025,1859.251837007348,0.1260532723174702,2.3620408675444944,Sandstone
WELL_025,866.6973947895792,0.14926223701185806,5.292824706903881,Sandstone
WELL_025,935.3466933867736,0.14509189671573697,5.881219592715806,Shale
WELL_025,1896.4368737474952,0.07229681559096239,0.38819591284601945,Sandstone
WELL_025,1704.7909151636607,0.06724203482082981,0.4142825893785435,Carbonate
WELL_025,1287.1743486973949,0.14844109754622872,3.317006544734279,Shale
WELL_025,726.5384101536406,0.10798893764405665,2.1610355703798674,Sandstone
WELL_025,1721.9532398129593,0.07226922024546792,0.4926955447774584,Sandstone
WELL_025,1312.9178356713428,0.12858228519018455,2.5973344062362043,Carbonate
WELL_025,1075.5056780227121,0.10066510476272933,1.6093203973449368,Shale
WELL_025,1843.5197060788244,0.09904992627326799,0.3858083106011794,Shale
WELL_025,1036.8904475617903,0.16484368591518408,6.578219860696593,Carbonate
WELL_025,1317.2084168336673,0.14626654767733746,1.1219225373106627,Shale
WELL_025,620.7040748162993,0.1334620477889747,2.2174300997712577,Shale
WELL_025,1500.2732130928525,0.19832246309998822,16.105262142287767,Carbonate
WELL_025,1793.4629258517034,0.05465780270967892,0.20693216079428345,Carbonate
WELL_025,1870.6933867735472,0.0497605552635729,0.07569534975828941,Sandstone
WELL_026,1883.5471698113208,0.1855472254614857,12.746599546832922,Shale
WELL_026,1702.6415094339623,0.1829520593546725,2.846542923119902,Carbonate
WELL_026,1328.0603773584905,0.14982886500974582,4.460317268278814,Sandstone
WELL_026,1525.9924528301888,0.16558114779418437,3.1399325417342085,Shale
WELL_026,1385.5245283018867,0.1868251246459663,11.426679657223367,Sandstone
WELL_026,561.8716981132076,0.12466320123508597,2.2941456470536066,Carbonate
WELL_026,1038.6113207547169,0.15988587940082136,1.908338014291484,Shale
WELL_026,468.22641509433964,0.13857404911409063,2.7973449653524245,Sandstone
WELL_026,993.9169811320754,0.1546956290442778,4.134412768802319,Carbonate
WELL_026,1081.1773584905661,0.1602204991206794,5.408098188636559,Carbonate
WELL_026,1247.1849056603774,0.19013259938506202,2.5327392925594108,Carbonate
WELL_026,1300.3924528301886,0.135153069423124,3.7772087972682145,Carbonate
WELL_026,1187.5924528301887,0.16361211524132238,7.2398578650195935,Carbonate
WELL_026,1657.9471698113207,0.18424481620926564,6.369076422400502,Carbonate
WELL_026,1768.6188679245283,0.18330590511096323,6.980389263614651,Carbonate
WELL_026,1019.4566037735849,0.1488854016000849,6.952044009325413,Sandstone
WELL_026,1681.3584905660377,0.1749646628525103,6.583389422804654,Shale
WELL_026,519.3056603773584,0.14988333822860447,6.896325024380625,Shale
WELL_026,1200.3622641509435,0.14287363203927808,4.040812074099995,Sandstone
WELL_026,1219.5169811320754,0.1370498717752136,0.2647872440564637,Carbonate
WELL_026,1862.264150943396,0.16245436511576342,4.814109563322616,Shale
WELL_026,1334.445283018868,0.1944068028588624,3.4744487651066462,Carbonate
WELL_026,744.9056603773585,0.15956700417462646,3.587059253648498,Shale
WELL_027,764.6041666666666,0.07595613459837564,0.2993273281113461,Carbonate
WELL_027,1620.6041666666665,0.17189768891535617,4.628651687649446,Sandstone
WELL_027,633.0833333333333,0.1552522753601062,2.308699143217586,Carbonate
WELL_027,637.5416666666666,0.12350382375349897,0.6394426560610391,Shale
WELL_027,1522.5208333333333,0.1865220492218644,2.2705444416888825,Carbonate
WELL_027,909.4999999999999,0.15033277815665555,0.0001,Shale
WELL_027,1139.1041666666665,0.17862164648988743,5.223301652477666,Carbonate
WELL_027,1324.125,0.183426253633655,12.803610576528186,Shale
WELL_027,537.2291666666666,0.1131663038798092,2.4071213608561552,Shale
WELL_027,991.9791666666666,0.16586959855330877,6.374353303064714,Shale
WELL_027,818.1041666666666,0.14725107694891354,4.755603164951297,Carbonate
WELL_027,1230.5,0.16734264486673212,6.842921096655166,Shale
WELL_028,926.189497716895,0.06278019813174333,0.014961592247738131,Carbonate
WELL_028,2023.6073059360729,0.17476341397136907,2.882432704867276,Sandstone
WELL_028,1544.9463470319633,0.05205459854711844,0.26924061577188063,Sandstone
WELL_028,1953.5593607305934,0.21261434467512197,17.049625493682573,Shale
WELL_028,3000.3869863013697,0.16193760898812,0.0001,Carbonate
WELL_028,1171.357305936073,0.06945070760165326,0.34372160145121156,Shale
WELL_028,1743.4155251141551,0.13401761927645775,3.446927435786883,Carbonate
WELL_028,1529.3801369863013,0.06882121130666828,0.19242371410288095,Carbonate
WELL_028,1400.958904109589,0.05701397335894726,0.3696823836387454,Sandstone
WELL_028,1564.4041095890411,0.04376275925806217,0.15965437044816247,Carbonate
WELL_028,2798.0262557077626,0.17580106017511865,4.797932195105576,Carbonate
WELL_028,731.6118721461187,0.14036679210968722,1.177588450340965,Shale
WELL_028,1774.5479452054794,0.09989681868789002,0.5591590929013546,Shale
WELL_028,2786.351598173516,0.17400397052379424,0.13437951824035085,Carbonate
WELL_028,3031.519406392694,0.17084108632125256,4.278794809004627,Sandstone
WELL_029,2352.2029702970294,0.13320533186901254,2.207859764123221,Shale
WELL_029,2386.8366336633662,0.21013322621371672,3.7149594318915296,Shale
WELL_029,1723.0247524752474,0.13562352631785504,2.4898318383032882,Sandstone
WELL_029,1847.128712871287,0.17882825087368626,5.6520569676335946,Shale
WELL_029,1564.2871287128712,0.1540300884127869,2.6752741137472724,Carbonate
WELL_029,2314.6831683168316,0.16918226588770713,6.133551782140725,Carbonate
WELL_029,1558.5148514851485,0.15444594022307284,0.7373155638994074,Carbonate
WELL_029,632.0643564356435,0.16445486124674105,4.70519736719983,Shale
WELL_029,2332.0,0.20554564117497687,7.188374431057939,Shale
WELL_029,1111.1633663366335,0.15709688596341706,3.6042025231380266,Shale
WELL_029,2112.6534653465346,0.2041634679671143,13.185526966672429,Shale
WELL_029,943.7673267326733,0.21533698743003032,20.061598649348053,Carbonate
WELL_029,2502.2821782178216,0.17792710658352642,4.597433685362476,Sandstone
WELL_029,1904.8514851485147,0.16782454871561742,2.7484814068536125,Carbonate
WELL_029,1919.2821782178216,0.18048904773682134,11.027861991753877,Shale
WELL_029,1119.8217821782177,0.18821701341728464,6.368480267071699,Carbonate
WELL_029,2389.7227722772277,0.18325777671831103,4.07318081843627,Sandstone
WELL_029,1711.480198019802,0.188924468582877,10.698960156092848,Carbonate
WELL_029,917.7920792079208,0.21187558655833374,13.544791354240642,Sandstone
WELL_029,2311.79702970297,0.19852747739184634,3.09924486846182,Shale
WELL_029,1200.6336633663366,0.17759765452762677,5.997477059861763,Carbonate
WELL_029,2109.767326732673,0.1695950140634788,1.9774117680180634,Carbonate
WELL_029,1001.490099009901,0.19833308338559208,8.491073932833617,Carbonate
WELL_030,734.6077170418007,0.19546720061536943,11.70890723959592,Carbonate
WELL_030,423.2508038585209,0.15717176549089903,0.06143699978204924,Shale
WELL_030,1038.1807073954985,0.18838227845967753,0.04359775150352303,Sandstone
WELL_030,1312.5639871382637,0.15032433757698976,5.758000388885791,Sandstone
WELL_030,759.9054662379422,0.20077207548529116,9.598211998190534,Carbonate
WELL_030,910.7189710610933,0.15878533560923705,6.843588350906482,Shale
WELL_030,1116.0199356913183,0.03729424674176511,0.057062865260446544,Sandstone
WELL_030,1170.5073954983923,0.16820867641807444,4.931349801607466,Sandstone
WELL_030,614.9299035369775,0.1515847811761688,3.1483810972896404,Sandstone
WELL_030,941.8546623794213,0.2286191405230353,4.769210097730942,Sandstone
WELL_030,1087.8032154340835,0.05764771836425887,0.355768711515902,Sandstone
WELL_030,1071.2623794212218,0.15613638483949954,2.2883410280569993,Sandstone
WELL_030,1011.9099678456591,0.18169996015569284,7.389053912974525,Shale
WELL_030,616.875884244373,0.15945819300747457,2.2048920144658735,Carbonate
WELL_030,700.5530546623794,0.14979644882134507,1.882434373632475,Sandstone
WELL_030,640.227652733119,0.16171422641414157,2.686610771756707,Shale
WELL_030,386.27717041800645,0.17190036413521817,0.6035405366658068,Shale
WELL_030,1242.5086816720257,0.1581512029109253,2.4722371803484986,Carbonate
WELL_030,1121.857877813505,0.09089107317075894,0.9133375857297592,Carbonate
WELL_030,758.9324758842444,0.1471562789143396,2.960098149372629,Sandstone
WELL_030,925.3138263665595,0.16820206405363503,4.9833614231207894,Carbonate
WELL_030,988.5581993569132,0.16279918740477414,5.158288212316975,Carbonate
WELL_030,1196.7781350482314,0.18112926740729415,6.027697329937286,Shale
WELL_030,666.4983922829582,0.1717236799081838,6.7241908089225495,Shale
WELL_031,1265.4483870967742,0.10814085261139555,1.4923048575594038,Shale
WELL_031,2527.62688172043,0.17601414307236932,1.928481451917441,Sandstone
WELL_031,1530.3096774193548,0.084403560610081,0.6799162857483566,Sandstone
WELL_031,1867.1086021505378,0.20415333188266938,6.799006723500762,Carbonate
WELL_031,2285.6548387096773,0.21420188803426427,13.347911881630292,Carbonate
WELL_031,2373.941935483871,0.1880019041840436,8.964450052386374,Sandstone
WELL_031,2220.256989247312,0.14702406884435193,3.0308733189912576,Sandstone
WELL_031,948.2688172043011,0.14726143561938665,2.9988888295117335,Shale
WELL_031,1922.6967741935484,0.165582340654243,6.7981644945675725,Sandstone
WELL_031,1085.604301075269,0.11867234411515161,2.1742304687754754,Sandstone
WELL_031,1039.8258064516128,0.14530985951861256,0.02210480934319307,Carbonate
WELL_031,1036.5559139784946,0.1413073164005906,0.6779882636552057,Carbonate
WELL_031,1585.8978494623657,0.11421876023799274,2.5146209060832017,Shale
WELL_031,1925.9666666666667,0.13235607186689727,1.740803604209387,Sandstone
WELL_031,1912.8870967741937,0.16068475001842106,4.484191940321941,Carbonate
WELL_031,1540.1193548387098,0.12920907504829587,2.8853953480785104,Sandstone
WELL_031,1566.278494623656,0.1377625558735356,2.231324017844565,Sandstone
WELL_031,2017.5236559139785,0.16478533616015523,5.497497816602435,Shale
WELL_031,2413.1806451612906,0.13388640507951444,1.9442676633359384,Sandstone
WELL_031,1278.5279569892473,0.12501151129405372,3.6291306840100956,Shale
WELL_031,1628.4064516129033,0.12336784609046296,0.7183273049881925,Carbonate
WELL_032,1238.4108527131784,0.13960338451350215,1.449542570542044,Carbonate
WELL_032,777.2369878183832,0.09222138455143114,0.0001,Carbonate
WELL_032,546.6500553709857,0.07725733737022505,0.7209453161225162,Carbonate
WELL_032,1518.6932447397564,0.16754294987238977,0.0001,Shale
WELL_032,842.8349944629015,0.06435878116979588,0.2853216770341448,Shale
WELL_032,983.9700996677741,0.18832199737862274,4.5397789727280555,Carbonate
WELL_032,1035.653377630122,0.17062028473473606,4.801965103866035,Carbonate
WELL_032,1150.9468438538206,0.11942672903461357,1.7837448158536815,Carbonate
WELL_032,1415.326688815061,0.1327625603759345,1.6414582602376835,Shale
WELL_032,677.8460686600222,0.06455967547414895,0.3770788164548179,Carbonate
WELL_032,1321.8992248062016,0.16292635568428893,2.5775803621870588,Shale
WELL_032,1425.2657807308972,0.12732564030020735,1.8144828891009672,Sandstone
WELL_032,1097.2757475083058,0.13376417720621617,1.5626230152808431,Carbonate
WELL_032,1397.436323366556,0.14740896750414134,3.076363409921317,Shale
WELL_032,1003.8482834994463,0.1644373924788513,5.326252657094037,Shale
WELL_032,673.8704318936877,0.07355347057002687,0.6059258531292193,Shale
WELL_032,745.4318936877077,0.09045544109536235,0.2063828569195088,Sandstone
WELL_032,1073.4219269102991,0.06536154932055291,0.5797661223384817,Carbonate
WELL_032,979.9944629014396,0.12342256169530379,1.8360019895520194,Shale
WELL_032,912.4086378737542,0.150644567256527,5.149654034654845,Carbonate
WELL_032,1532.607973421927,0.15207509939097416,3.571486814555297,Shale
WELL_032,1610.1328903654487,0.11857301890739355,0.3433016339849814,Carbonate
WELL_032,1407.3754152823922,0.16315664859689313,3.6686679846310866,Sandstone
WELL_033,947.6344621513945,0.12873385069325144,1.212772652241262,Shale
WELL_033,456.85956175298804,0.16451689945177608,1.5249995098664377,Shale
WELL_033,1510.230079681275,0.1672782774375477,2.9703184653373755,Sandstone
WELL_033,857.8585657370518,0.12122685373165211,0.9523679085550236,Carbonate
WELL_033,1087.2858565737051,0.14259828536601724,6.50316200183331,Shale
WELL_033,1111.2260956175298,0.18952169770835087,4.5390817466226645,Sandstone
WELL_033,1470.3296812749004,0.1991827221105073,10.643897934112365,Shale
WELL_033,496.75996015936255,0.18987695613642655,4.482254382391098,Shale
WELL_033,408.97908366533864,0.13245131842901287,1.858077506204496,Shale
WELL_033,1490.2798804780878,0.15578861625671572,4.132803828771078,Carbonate
WELL_033,1695.7669322709164,0.18652349493935455,3.504118462591571,Sandstone
WELL_033,460.8496015936255,0.1744554648235198,6.388139666524917,Sandstone
WELL_033,426.93426294820716,0.1484090277747278,2.7711814170689557,Sandstone
WELL_033,464.83964143426294,0.15133298915991786,6.1744108256523464,Sandstone
WELL_033,997.5099601593625,0.1626232618713763,4.396033013558959,Shale
WELL_033,1594.0209163346613,0.17508288164396166,5.374402919757701,Carbonate
WELL_033,1065.3406374501992,0.18534608631691696,2.057373917893654,Sandstone
WELL_033,476.8097609561753,0.17607062352921873,5.705106758426655,Carbonate
WELL_033,1240.902390438247,0.19435096942355745,4.831964310467808,Sandstone
WELL_033,1298.7579681274901,0.1839372462031622,0.39099188211970437,Sandstone
WELL_033,524.6902390438247,0.16886390761608805,6.077852860744199,Shale
WELL_033,1061.3505976095616,0.20014885082170022,8.94595238170679,Shale
WELL_034,358.5069551777434,0.16297498159858406,7.176423059929314,Shale
WELL_034,908.3068006182381,0.16503338350359872,4.841031405713715,Carbonate
WELL_034,1193.2395672333848,0.1755872146158661,5.395362187075835,Shale
WELL_034,793.2635239567234,0.1723881812442758,3.8103790937808433,Shale
WELL_034,572.5409582689335,0.21491709764868447,11.355867514515172,Sandstone
WELL_034,1280.1908809891809,0.11952266499027218,0.3883511634696258,Sandstone
WELL_034,721.0270479134467,0.19923947666890277,11.08976589106942,Shale
WELL_034,854.7982998454405,0.19699851829699222,6.586207074739004,Shale
WELL_034,1403.2604327666152,0.17145449608830854,1.5112651508252875,Carbonate
WELL_034,556.4884080370942,0.15647913303636457,1.9654610895041562,Carbonate
WELL_034,438.76970633693975,0.1706651215293617,6.756265211898697,Sandstone
WELL_034,664.8431221020093,0.17040197703949478,2.0066208719770637,Carbonate
WELL_034,428.0680061823802,0.1716036868375074,6.048324566514759,Shale
WELL_034,1464.7952086553323,0.19424421258235924,1.8112564576189412,Shale
WELL_034,628.724884080371,0.1603235933510463,2.7371920231229403,Sandstone
WELL_034,1195.9149922720246,0.1466336558684967,3.211275050942549,Shale
WELL_034,1324.3353941267387,0.17934689985330418,7.956544068799476,Shale
WELL_034,1264.1383307573415,0.15846567542758938,5.218597696232821,Shale
WELL_034,1224.0069551777435,0.156094129953948,3.149661767610747,Shale
WELL_034,465.5239567233385,0.16027953790488889,1.0675170881210996,Carbonate
WELL_034,1396.5718701700155,0.1632776016902811,4.523103565403626,Carbonate
WELL_034,1076.8585780525502,0.17361986033443713,1.5464089824303973,Carbonate
WELL_034,555.1506955177744,0.14183586911753018,3.5637444531142397,Carbonate
WELL_034,749.1190108191654,0.16023320534458907,5.574124365445709,Carbonate
WELL_035,1825.5,0.06921133793987455,0.3482654385629944,Sandstone
WELL_035,1338.0,0.08035986960593486,0.5926847967108282,Shale
WELL_035,1612.5,0.09687583429730041,0.8938193116825733,Sandstone
WELL_035,1734.0,0.024074054824811068,0.017010067033234367,Shale
WELL_035,1221.0,0.05831103516279813,0.0001,Shale
WELL_035,586.5,0.03914705385166846,0.10436405547816056,Shale
WELL_035,1218.0,0.07544195702602673,0.2438691591683294,Sandstone
WELL_035,691.5,0.07674591174684033,0.3530406821360971,Shale
WELL_035,1548.0,0.11936941163892702,1.6109781756594894,Shale
WELL_035,861.0,0.09066682237838497,0.7298306260930008,Carbonate
WELL_035,1789.5,0.0653571942921614,0.3996576473365815,Carbonate
WELL_035,1129.5,0.07726067135315712,0.7933961322806125,Shale
WELL_035,676.5,0.06206707232266106,0.44370965246352345,Carbonate
WELL_035,508.5,0.04852159330539385,0.13079966061781126,Sandstone
WELL_036,628.8017324350337,0.19927620135777832,1.7608880784389518,Shale
WELL_036,1476.900866217517,0.08801255420023978,0.9852452420525543,Sandstone
WELL_036,1926.6843118383063,0.07054700491965502,0.489502561632378,Carbonate
WELL_036,1436.621751684312,0.046475434273624425,0.0917809751321019,Carbonate
WELL_036,1163.618864292589,0.07202873806021307,0.39409172434854367,Sandstone
WELL_036,1832.6997112608278,0.1471406968877203,3.25265072567233,Shale
WELL_036,2005.0048123195381,0.09655226397442064,0.9388507706571559,Carbonate
WELL_036,1611.1645813282003,0.16033837286822636,2.044745289955051,Carbonate
WELL_036,1226.2752646775746,0.058281054493491385,0.18864502198452485,Carbonate
WELL_036,704.8845043310877,0.1309874616809509,3.447516177709239,Sandstone
WELL_036,1723.051010587103,0.17993052480057917,8.746289497670862,Sandstone
WELL_036,1646.9682386910492,0.19993278402932785,11.027965540132712,Carbonate
WELL_036,1212.8488931665063,0.05992565224902659,0.03849233969453341,Shale
WELL_036,563.9076034648701,0.15959752357765772,4.146846149385651,Sandstone
WELL_036,785.4427333974976,0.1977617867707445,13.766979881193455,Shale
WELL_036,1358.30125120308,0.054431383473574915,0.23758732442626784,Sandstone
WELL_036,1761.09239653513,0.18769645686989966,7.542516105891812,Sandstone
WELL_036,570.6207892204043,0.17005780300153084,1.7162397040583162,Shale
WELL_036,1669.3455245428297,0.14509785147102683,5.737939729141072,Shale
WELL_036,1640.255052935515,0.18081375421082463,5.483129607912718,Shale
WELL_036,1031.5928777670838,0.04036532838426405,0.07320223284357777,Sandstone
WELL_036,2025.1443695861406,0.053485758723061265,0.13184903863107678,Shale
WELL_037,1128.495145631068,0.07185632478681263,0.5580945143778409,Shale
WELL_037,849.3203883495146,0.10600439279923163,1.250730547419218,Shale
WELL_037,2229.4660194174758,0.12576681550647434,1.695264614945438,Shale
WELL_037,2870.3883495145633,0.13498602712923666,2.5509083276628766,Shale
WELL_037,2201.9417475728155,0.1309519500012854,3.0094701680494835,Shale
WELL_037,1690.7766990291261,0.11600707895576737,1.1297556922943341,Shale
WELL_037,2072.1844660194174,0.11840622935811455,0.754189836928126,Sandstone
WELL_037,2878.252427184466,0.13596318051608,2.141927898646691,Shale
WELL_037,1336.893203883495,0.056226355552112986,0.4209894093134751,Sandstone
WELL_037,2835.0,0.13762434951896055,1.4951198924347284,Carbonate
WELL_037,951.5533980582525,0.08923894763821828,0.6310611721786502,Carbonate
WELL_037,1954.2233009708739,0.13651765038190183,3.8386216797160815,Sandstone
WELL_037,2268.78640776699,0.1135715673456295,1.8658226809107497,Shale
WELL_037,1199.2718446601941,0.06625145138650942,0.19491192921863582,Sandstone
WELL_037,979.0776699029126,0.056352381006230266,0.2239806877296811,Carbonate
WELL_037,900.4368932038835,0.08536926887879767,0.6364123470416407,Sandstone
WELL_037,1769.4174757281553,0.06645630132667367,0.0001,Carbonate
WELL_037,2689.5145631067962,0.10558013372774426,1.6471031392407605,Sandstone
WELL_037,1203.2038834951456,0.11850842613805367,2.2146869650565426,Sandstone
WELL_037,2213.73786407767,0.11956139085994269,1.6782169765959172,Sandstone
WELL_037,1215.0,0.10495307966135455,0.0001,Sandstone
WELL_037,1439.126213592233,0.05496925325658683,0.11013480623288525,Sandstone
WELL_037,2272.7184466019417,0.16234863588220608,4.543316361939525,Carbonate
WELL_037,2327.766990291262,0.17237762655160063,2.7232000034484556,Sandstone
WELL_037,2292.378640776699,0.1479199107963572,2.764328741513878,Sandstone
WELL_037,1887.378640776699,0.10784558432194746,0.7340481267244615,Sandstone
WELL_038,1516.3665198237886,0.19909835693710118,7.565947920037834,Shale
WELL_038,1129.5383259911894,0.16703139468821504,6.602506804006371,Carbonate
WELL_038,2251.340088105727,0.0799111559169492,0.6982781132181003,Sandstone
WELL_038,1160.4845814977973,0.1548805215785409,1.5277963070424785,Carbonate
WELL_038,737.552422907489,0.18534109491862266,4.902774071038064,Sandstone
WELL_038,1789.7251101321585,0.17590756014751763,11.479509814040021,Shale
WELL_038,1173.3788546255507,0.1825495733012256,5.745687634658417,Carbonate
WELL_038,1353.8986784140968,0.1794359488977051,5.323163441924029,Shale
WELL_038,1387.4237885462555,0.16512282594253141,5.963022571048005,Shale
WELL_038,1521.52422907489,0.1907198123823133,9.220475481117868,Sandstone
WELL_038,814.9180616740089,0.1902070774240673,7.835284416882216,Carbonate
WELL_038,1490.577973568282,0.1518749990270749,4.7805095539804086,Carbonate
WELL_038,2001.1911894273128,0.14960950685124597,5.268617264541105,Carbonate
WELL_038,1253.3233480176211,0.17646427478407678,7.510475970894809,Carbonate
WELL_038,2055.3471365638766,0.21573594826955753,13.07671464345967,Sandstone
WELL_038,1552.4704845814979,0.17359133944976157,3.4266209134282897,Sandstone
WELL_039,924.8065764023211,0.12235190948287289,1.67293720693165,Shale
WELL_039,1090.531914893617,0.15194502008141453,3.8657060424515786,Sandstone
WELL_039,1331.7214700193424,0.16960643542972453,3.6394360215277013,Carbonate
WELL_039,1988.7040618955514,0.1518802650625489,5.580582625552596,Sandstone
WELL_039,1935.4352030947775,0.14644178865852148,5.0068766464827075,Shale
WELL_039,1583.2688588007738,0.18066929194400635,1.3117395590774215,Carbonate
WELL_039,1608.4235976789168,0.1602370271724072,3.283396325758748,Carbonate
WELL_039,1059.4584139264991,0.15194672077804383,4.675695854987518,Shale
WELL_039,1092.0116054158607,0.17279277423833536,9.254306797770408,Shale
WELL_039,827.147001934236,0.19320131822405903,12.947359827197104,Carbonate
WELL_039,1575.870406189555,0.1567795208829686,2.49266136320599,Sandstone
WELL_039,503.0947775628627,0.15089171401229678,3.3913967876620235,Sandstone
WELL_039,497.17601547388784,0.2011229783656719,6.335693913741922,Carbonate
WELL_039,1260.696324951644,0.17184550916110514,3.376854046644446,Carbonate
WELL_039,1919.1586073500969,0.2005129474922584,14.682397568849177,Carbonate
WELL_039,1781.5473887814314,0.1925998030594409,4.034831144931729,Sandstone
WELL_039,1108.2882011605416,0.1209122444609722,2.8930146349405406,Sandstone
WELL_039,1129.0038684719536,0.16702322269208253,4.7592555097259845,Carbonate
WELL_039,1703.1237911025146,0.15678070419467274,6.081114402494692,Shale
WELL_039,590.3965183752418,0.15773646804802047,6.594953324378611,Carbonate
WELL_039,1747.514506769826,0.20268768946965932,11.378048950481968,Carbonate
WELL_039,1695.725338491296,0.1724295859832939,10.231336971046389,Sandstone
WELL_039,875.9767891682785,0.18521783099756792,2.3239876981959244,Carbonate
WELL_040,782.8783120706576,0.20502467934979285,4.183887961407014,Sandstone
WELL_040,1209.2875368007851,0.17145400765097352,5.664735337980314,Shale
WELL_040,1899.6643768400393,0.16956489686339143,2.674721200541728,Carbonate
WELL_040,1628.928361138371,0.1736362567842271,4.74232262243064,Shale
WELL_040,800.9273797841021,0.18829091169347845,10.96172626305792,Carbonate
WELL_040,1401.0588812561334,0.15067048307059006,0.0001,Shale
WELL_040,1940.2747791952895,0.15772498079028371,4.626542164616744,Sandstone
WELL_040,521.1668302257115,0.14642983211300234,4.7426008216571995,Carbonate
WELL_040,1263.4347399411188,0.17687322728192173,7.262935959799564,Carbonate
WELL_040,1186.7262021589795,0.17908200203824315,1.0102085137715384,Shale
WELL_040,2012.4710500490678,0.14917722168297687,2.1118789529700184,Sandstone
WELL_040,1748.5034347399412,0.14729965339951023,4.986525086429298,Shale
WELL_040,2039.5446516192346,0.16086523682695278,4.614019763149771,Shale
WELL_040,785.134445534838,0.13719986338728382,4.206044929560894,Sandstone
WELL_040,1369.4730127576056,0.1712464985317299,3.066752093059275,Shale
WELL_040,1475.5112855740922,0.1632027134330669,5.849310635279998,Shale
WELL_040,2010.2149165848873,0.19143838872793817,10.61578290682255,Carbonate
WELL_040,1026.540726202159,0.16233572165467877,4.4874651538291435,Shale
WELL_040,652.0225711481845,0.17350381083266844,8.394881561060801,Carbonate
WELL_040,1509.3532875368007,0.15526319256198,3.7848490767764376,Sandstone
WELL_040,807.6957801766438,0.16942753514211054,6.181261957330984,Shale
WELL_040,1091.9685966633956,0.17957584989777228,2.664459067592676,Sandstone
WELL_040,1229.5927379784102,0.16584128828581188,6.892290266318367,Carbonate
WELL_040,868.6113837095191,0.19232877658089498,4.223753713920056,Carbonate
WELL_040,749.036310107949,0.1693353190433901,5.129343210533919,Carbonate
WELL_040,1310.8135426889107,0.16073620382208254,3.68119155497741,Shale
WELL_041,658.6415343915344,0.11595270395156129,1.10894215457205,Carbonate
WELL_041,2007.1137566137565,0.09698378093817561,0.5628486428811803,Carbonate
WELL_041,766.8862433862433,0.16392065692404764,7.141002858065584,Shale
WELL_041,1792.4589947089946,0.11194645180269784,3.1718463628547893,Shale
WELL_041,2161.2248677248676,0.15442101551722828,3.063971632351657,Shale
WELL_041,1020.0687830687831,0.10294467455556314,1.1198612182436585,Carbonate
WELL_041,1291.5978835978835,0.1462171976575713,2.248274534654398,Carbonate
WELL_041,605.436507936508,0.15889200062835815,1.2479430192760101,Shale
WELL_041,1276.920634920635,0.10523467235984083,1.1997705411787922,Shale
WELL_041,1506.2526455026455,0.13104697707666424,1.9445987398150943,Sandstone
WELL_041,743.0357142857143,0.14648819392918372,2.683162963398336,Sandstone
WELL_041,609.1058201058202,0.15910207992856065,5.030162940512035,Shale
WELL_041,2434.5886243386244,0.15401073675111115,2.244843697145499,Shale
WELL_041,2335.517195767196,0.17457530227136916,8.193330323125755,Sandstone
WELL_041,1187.0224867724867,0.16143500784092152,3.3287847113489226,Shale
WELL_041,1504.4179894179895,0.12019924504146433,1.4159679852652116,Carbonate
WELL_041,1653.0251322751324,0.11967661331456114,1.7921475385882621,Carbonate
WELL_042,1580.140350877193,0.1426323997694386,1.6392339174493593,Carbonate
WELL_042,1310.8654970760235,0.1412271370265208,2.398497644433358,Shale
WELL_042,1657.076023391813,0.1479463188987003,4.216967583617864,Shale
WELL_042,985.3684210526317,0.1450174583284553,3.639591477930095,Sandstone
WELL_042,1136.280701754386,0.15306401213654666,6.187215911790483,Shale
WELL_042,1414.4327485380118,0.1313853369563982,1.3345973071352606,Shale
WELL_042,1408.514619883041,0.16348959371095867,2.947210640013196,Sandstone
WELL_042,2032.8771929824563,0.14890062433430798,3.8590307216081463,Shale
WELL_042,2050.6315789473683,0.20240682183364844,15.612786274048249,Sandstone
WELL_042,559.2631578947369,0.0627138460614383,0.31665188729070776,Shale
WELL_042,2263.684210526316,0.13318480549299927,2.1817686119284585,Shale
WELL_042,914.3508771929825,0.15820703172844514,2.59198942685184,Shale
WELL_042,1609.7309941520468,0.14735359737149922,4.173845612325405,Shale
WELL_042,878.8421052631579,0.14300468429547325,3.2845403991779274,Carbonate
WELL_042,1852.374269005848,0.16391741220427974,2.629582251598556,Carbonate
WELL_042,585.8947368421053,0.036033563745427835,0.0001,Shale
WELL_042,2260.7251461988303,0.15838197636960388,8.363986954346917,Carbonate
WELL_042,1186.5847953216376,0.13619777904668992,1.2710272453671962,Sandstone
WELL_042,760.4795321637428,0.13532216405755645,1.3507075248816771,Carbonate
WELL_042,795.9883040935673,0.1397669501642448,3.2645488843420627,Sandstone
WELL_042,556.3040935672515,0.05695405758850229,0.267416902738284,Sandstone
WELL_042,1260.561403508772,0.11479806253640057,1.0219868402943757,Sandstone
WELL_042,1541.672514619883,0.11501927989235668,0.6511620852269561,Carbonate
WELL_043,1291.831219512195,0.07640788541274073,0.5269513071956885,Shale
WELL_043,1417.2234146341464,0.05258630481238333,0.10934857996858051,Shale
WELL_043,938.9834146341464,0.07725717102651523,0.24949037607079333,Carbonate
WELL_043,1580.5248780487805,0.15403611402442638,6.6563569768537585,Sandstone
WELL_043,1326.8243902439024,0.09790690982772005,0.8609583016254826,Carbonate
WELL_043,708.6117073170732,0.12381765516968456,1.5853602268496887,Shale
WELL_043,696.9473170731707,0.15183356309608084,0.9266605242822404,Carbonate
WELL_043,2362.039024390244,0.12085951604605492,0.9338068061886505,Carbonate
WELL_043,1052.7112195121952,0.06565150917233277,0.4542902290895157,Shale
WELL_043,755.2692682926829,0.05657002055642013,0.13479743902181737,Shale
WELL_043,994.3892682926829,0.059145489279243776,0.08852634590204199,Sandstone
WELL_043,2373.703414634146,0.1211612710545204,1.469552388328529,Sandstone
WELL_043,1423.0556097560975,0.14553579725328036,4.3710872928105795,Shale
WELL_043,1143.110243902439,0.08762141623091807,0.6292624359123206,Sandstone
WELL_043,1901.2956097560975,0.16221980144253,2.09453076337696,Shale
WELL_044,2083.9975990396156,0.06044595731023221,0.17974181346535578,Carbonate
WELL_044,905.1392557022808,0.11753906943131201,1.704359272719476,Sandstone
WELL_044,1390.3685474189676,0.13351668875892578,2.1857679129848746,Shale
WELL_044,1975.1320528211284,0.030155962601173727,0.04440251122404182,Carbonate
WELL_044,1729.406962785114,0.03047141423733221,0.05019335755170611,Carbonate
WELL_044,1860.0456182472988,0.029639258777925667,0.03787370813985268,Shale
WELL_044,1104.2076830732292,0.08505948885596895,0.4920146088179779,Shale
WELL_044,653.1932773109244,0.11496226187488809,0.5582755891923247,Carbonate
WELL_044,2286.176470588235,0.04503106127711116,0.06737988735454675,Carbonate
WELL_044,1660.9771908763505,0.11805088148755988,2.5080951754322087,Shale
WELL_044,2080.8871548619445,0.07891756433005345,0.6516069641715462,Shale
WELL_044,2236.409363745498,0.04523748594181784,0.06039601302773054,Carbonate
WELL_044,2021.7887154861944,0.011568539310592672,0.009487030812132067,Carbonate
WELL_044,1720.0756302521008,0.058221069120302574,0.3848876063335545,Shale
WELL_044,2177.3109243697477,0.05222228743338695,0.09948383029722183,Shale
WELL_044,1076.2136854741896,0.16634135686001392,5.381466034472186,Carbonate
WELL_044,939.3541416566626,0.11201781855110565,0.34259052738608986,Shale
WELL_044,712.2917166866746,0.14449146145129682,1.1595510907878377,Shale
WELL_044,2202.1944777911162,0.04451825853824799,0.16804349178257968,Shale
WELL_044,2012.4573829531812,0.045886961440194905,0.16859590495319954,Shale
WELL_045,2263.2450229709034,0.12910124969988296,1.5204132538582145,Sandstone
WELL_045,722.0329249617151,0.18182197163037342,7.983605245092524,Sandstone
WELL_045,769.2932618683002,0.163841424920193,9.320882403027628,Carbonate
WELL_045,1165.7549770290964,0.19079981821159606,7.836862521172537,Sandstone
WELL_045,2305.2542113323125,0.12122031545827319,1.4064840695383785,Shale
WELL_045,1911.4180704441042,0.13770067327893748,3.049657683151646,Sandstone
WELL_045,1399.4310872894334,0.19402126970842645,8.587839667098647,Carbonate
WELL_045,3058.794027565084,0.1142615016360479,0.8491198334498885,Carbonate
WELL_045,976.7136294027565,0.1731303994661119,3.5958951851224645,Carbonate
WELL_045,1483.4494640122512,0.13845856866610537,0.4510774318497745,Sandstone
WELL_045,2853.999234303216,0.12146241480801725,3.616252231947786,Sandstone
WELL_045,1987.5597243491577,0.10532236472306984,0.7391567397183085,Sandstone
WELL_045,2528.428024502297,0.11925035335030522,1.8377927640176395,Carbonate
WELL_046,690.1987829614604,0.0883450917621898,0.8565126705100206,Shale
WELL_046,1450.2231237322515,0.16102335744433074,6.682648369828751,Shale
WELL_046,792.2515212981745,0.016302635444867042,0.00848608418129551,Carbonate
WELL_046,1125.265720081136,0.06608030320857877,0.40047729665386017,Carbonate
WELL_046,1189.7200811359025,0.09397842251571678,1.2323762431342768,Carbonate
WELL_046,1455.5943204868154,0.18279034053580462,9.601648986132448,Carbonate
WELL_046,418.95334685598374,0.13449219575214097,3.428870336511964,Shale
WELL_046,499.52129817444217,0.11042119551812885,1.1856987658296545,Sandstone
WELL_046,539.8052738336714,0.09008862240349438,0.5445490092277931,Sandstone
WELL_046,939.9594320486815,0.07918376399075429,0.8066475951261156,Shale
WELL_046,1407.2535496957403,0.17284815586790006,3.635919214338276,Sandstone
WELL_046,1557.6470588235293,0.1491008677679606,3.1171438471432027,Shale
WELL_046,766.7383367139959,0.046349080683695566,0.07739190714094123,Sandstone
WELL_046,1315.9432048681542,0.15753382996438797,2.857369447035649,Shale
WELL_046,1352.1987829614604,0.19013636159123035,8.581120058030725,Sandstone
WELL_046,1106.4665314401623,0.10066080242347468,0.7952214226077163,Carbonate
WELL_046,1141.3793103448274,0.10781588131521255,1.5322618290059147,Carbonate
WELL_046,1136.0081135902637,0.07163621599977116,0.592166556363325,Sandstone
WELL_046,1749.6673427991886,0.11955495941414249,1.9517395320902289,Shale
WELL_046,1169.5780933062879,0.0853729365313129,0.43488917177385167,Sandstone
WELL_046,996.3569979716024,0.09386797519492615,0.5679899996125348,Sandstone
WELL_047,906.5220938137322,0.22479852399422345,18.087407553351273,Carbonate
WELL_047,1217.4547926580558,0.16961395522820727,3.1127811027947896,Shale
WELL_047,1629.1121685927942,0.13896028293297422,2.691811971303689,Carbonate
WELL_047,2351.702243371856,0.1683111631567928,4.719393302161251,Sandstone
WELL_047,2603.513936097893,0.06453746120707952,0.07098686852913444,Carbonate
WELL_047,994.1087695445276,0.1829078030874815,4.612241895225997,Shale
WELL_047,1221.8341264445955,0.18990730397932093,8.17972361423562,Sandstone
WELL_047,1712.3195105370498,0.17955162997138363,2.028486583455937,Sandstone
WELL_047,1683.8538409245414,0.13491815179120803,0.0001,Carbonate
WELL_047,2480.8925900747795,0.031043265488119837,0.02983876733469483,Shale
WELL_047,2791.825288919103,0.04038736560734225,0.0001,Shale
WELL_047,2113.0285520054385,0.18360469885605218,0.0001,Shale
WELL_047,2413.0129163834126,0.18327363789410028,1.6779980122770681,Shale
WELL_047,1493.3528212100614,0.18033113891768193,5.388149293229927,Shale
WELL_047,991.9191026512577,0.145041004669469,3.562016451290963,Sandstone
WELL_047,1162.7131203263086,0.21157616841669682,4.365376459779092,Sandstone
WELL_048,917.7625570776256,0.1133384636947387,0.9175028774191195,Shale
WELL_048,1676.5068493150686,0.15267355714389355,1.7512894173845945,Shale
WELL_048,456.6095890410959,0.14027818115619906,2.6416997997952563,Sandstone
WELL_048,617.8995433789954,0.11207198545531134,0.6561930073604403,Sandstone
WELL_048,1556.107305936073,0.1597241290876086,2.9008225055756545,Shale
WELL_048,586.095890410959,0.1525028041663344,4.128100487326342,Shale
WELL_048,1733.299086757991,0.11089165077834814,1.353811364866792,Sandstone
WELL_048,1701.4954337899544,0.15086267016057955,1.8581975199911194,Carbonate
WELL_048,892.7739726027397,0.13855244356577517,0.6300977443642731,Carbonate
WELL_048,1460.6963470319636,0.1638460033279751,6.945009653387125,Carbonate
WELL_048,1004.0867579908677,0.14891258516973666,4.853478026581513,Sandstone
WELL_048,1776.461187214612,0.15291618251910147,3.6020681594103094,Sandstone
WELL_049,703.5698371893745,0.11457844943022023,0.9952790972834796,Sandstone
WELL_049,975.8491859468724,0.1263214171709065,2.463451859024832,Carbonate
WELL_049,2099.8183376178235,0.09060399157627531,0.47238643578606504,Shale
WELL_049,2001.7977720651243,0.07930398355329941,0.6459004356340561,Sandstone
WELL_049,551.0934018851757,0.13307998703713436,3.16245412693699,Sandstone
WELL_049,710.1045415595545,0.11496268562983626,1.470558747478093,Sandstone
WELL_049,725.3521850899743,0.15468235568611505,2.50029497578051,Carbonate
WELL_049,1041.1962296486718,0.1068508972597316,2.1313494912104853,Shale
WELL_049,940.9974293059126,0.14250282362073696,4.060732393925913,Carbonate
WELL_049,1383.179091688089,0.12506700234422244,1.8640332747521853,Carbonate
WELL_049,1221.9897172236504,0.14660251860720525,2.4464681152838366,Carbonate
WELL_049,1879.8166238217652,0.11309194131789091,1.0896183184717712,Sandstone
WELL_049,679.6092544987147,0.13451134611139084,1.859942479610993,Carbonate
WELL_049,655.6486718080549,0.11198386884251588,0.5908641224616757,Shale
WELL_049,638.222793487575,0.15372743481364884,2.2662802855943194,Shale
WELL_049,690.5004284490146,0.15129166994117002,1.3252570604497242,Shale
WELL_049,2084.570694087404,0.07605240150207351,0.06608204452973448,Shale
WELL_049,585.9451585261354,0.14146049444845094,3.0636344351001337,Carbonate
WELL_049,2149.9177377892033,0.06048393525264624,0.38087986304952653,Shale
WELL_049,2200.0171379605827,0.08327424762929339,1.0249884211929694,Shale
WELL_049,1324.3667523564698,0.16783136775726618,10.18372116522222,Carbonate
WELL_049,1703.3796058269068,0.10530625620786192,2.052097794890309,Carbonate
WELL_049,786.3427592116539,0.08539490305015061,0.6113875781479806,Sandstone
WELL_050,955.3867214236825,0.05036627603392122,0.19580681664366065,Carbonate
WELL_050,1768.8843258042439,0.07679327801113292,0.14979493738733607,Carbonate
WELL_050,1274.6372347707052,0.04426379266538584,0.07183874619739156,Sandstone
WELL_050,1425.9856262833678,0.0577886536351706,0.30662659380230745,Sandstone
WELL_050,3017.50855578371,0.021822891357784376,0.02692103385055795,Carbonate
WELL_050,2759.7433264887068,0.06165820692793213,0.22629608139249605,Sandstone
WELL_050,1570.2395619438742,0.0932075991064296,0.8211829102428916,Shale
WELL_050,692.8918548939083,0.034190515980947876,0.11197764882462553,Carbonate
WELL_050,2487.789185489391,0.10722059925005845,2.5907029683874687,Sandstone
WELL_050,2745.5544147843943,0.09756754831159553,0.5297668789983381,Sandstone
WELL_050,2825.9582477754966,0.09323104503399504,0.6938698444554876,Sandstone
WELL_050,1236.8001368925395,0.1280371190045872,1.5410766612996931,Sandstone
WELL_050,1662.467488021903,0.01,0.0072204009339656115,Carbonate
WELL_050,1035.7905544147845,0.07122584025789722,0.39121682248790607,Sandstone
WELL_050,2045.5681040383301,0.05554927274196934,0.20614873022997982,Sandstone
WELL_050,2206.375770020534,0.07579706690191847,0.4768375088497618,Sandstone
WELL_050,2215.8350444900757,0.07778216785980692,0.7279905762558952,Shale
WELL_050,2386.101984941821,0.07411734640855819,0.6403145827899086,Shale
WELL_050,1913.1382614647503,0.06698123073512868,0.3691798071949812,Carbonate
WELL_050,1894.2197125256675,0.05797447259645619,0.23110046178091467,Carbonate
